country_code,scaled_score,feedback,suggestion
AT,6.31210149205484,AT chỉ đạt 6.31/10. Tạm ổn nhưng vẫn có thể cải thiện.,"Với điểm số 6.31 và vị trí dưới mức trung bình, Áo cần tập trung vào việc tăng cường các chính sách hiện có và đẩy mạnh hơn nữa các sáng kiến về thị trường xanh. Chính phủ nên ưu tiên đầu tư vào năng lượng tái tạo, cải thiện hiệu quả sử dụng năng lượng trong các ngành công nghiệp và thúc đẩy giao thông bền vững để đạt được các mục tiêu phát triển bền vững."
CH,6.613867575797098,CH chỉ đạt 6.61/10. Tạm ổn nhưng vẫn có thể cải thiện.,"CH cần tăng cường hơn nữa các chính sách khuyến khích đầu tư vào công nghệ xanh và năng lượng tái tạo để cải thiện hiệu quả sử dụng tài nguyên và giảm phát thải. Chính phủ nên xem xét các ưu đãi về thuế, hỗ trợ tài chính cho các dự án xanh, đồng thời tăng cường hợp tác quốc tế để học hỏi kinh nghiệm và thu hút đầu tư vào lĩnh vực này."
DK,6.478379542763964,DK chỉ đạt 6.48/10. Tạm ổn nhưng vẫn có thể cải thiện.,"Với điểm số 6.48, Đan Mạch đang có những bước tiến đáng ghi nhận trong phát triển thị trường xanh, tuy nhiên vẫn cần nỗ lực hơn nữa để bắt kịp mặt bằng chung. Chính phủ nên tập trung vào việc tăng cường các chính sách khuyến khích đầu tư vào năng lượng tái tạo, đồng thời cải thiện hiệu quả sử dụng năng lượng trong các ngành công nghiệp chủ chốt để thúc đẩy tăng trưởng xanh bền vững."
FR,6.583232429352375,FR chỉ đạt 6.58/10. Tạm ổn nhưng vẫn có thể cải thiện.,"Kính gửi Pháp, dựa trên kết quả đánh giá, quốc gia của quý vị đang có nhiều tiềm năng để phát triển thị trường xanh. Để đạt được những tiến bộ, chúng tôi khuyến nghị Pháp nên tăng cường đầu tư vào các dự án năng lượng tái tạo và khuyến khích các doanh nghiệp áp dụng các tiêu chuẩn bền vững trong sản xuất."
IE,4.742902242896482,IE chỉ đạt 4.74/10. Cần tập trung cải thiện các yếu tố then chốt.,"Kính gửi quốc gia IE, dựa trên đánh giá hiện tại, Ireland đang có tiềm năng lớn để phát triển thị trường xanh. Để nâng cao hiệu quả, chúng tôi khuyến nghị IE tập trung vào việc tăng cường các chính sách hỗ trợ doanh nghiệp xanh và đầu tư vào cơ sở hạ tầng năng lượng tái tạo, đồng thời, tăng cường hợp tác quốc tế để học hỏi kinh nghiệm và thu hút đầu tư."
LU,6.335030894424758,LU chỉ đạt 6.34/10. Tạm ổn nhưng vẫn có thể cải thiện.,"Kính gửi Luxembourg, dựa trên điểm số hiện tại và vị trí so với mặt bằng chung, chúng tôi khuyến nghị quốc gia nên tập trung vào việc tăng cường đầu tư vào các dự án năng lượng tái tạo và khuyến khích các doanh nghiệp áp dụng các tiêu chuẩn xanh. Đồng thời, cần có các chính sách hỗ trợ tài chính và kỹ thuật để khuyến khích người dân chuyển đổi sang các phương tiện giao thông thân thiện với môi trường."
LV,4.971601263884438,LV chỉ đạt 4.97/10. Cần tập trung cải thiện các yếu tố then chốt.,"Với điểm số 4.97 và vị trí dưới mức trung bình, Latvia cần tập trung vào việc cải thiện hiệu quả các chính sách hiện hành và mở rộng phạm vi áp dụng. Chính phủ nên ưu tiên các chương trình hỗ trợ tài chính và kỹ thuật cho các doanh nghiệp vừa và nhỏ trong lĩnh vực năng lượng tái tạo, đồng thời tăng cường hợp tác quốc tế để học hỏi kinh nghiệm và thu hút đầu tư."
ME,4.429855126383184,ME chỉ đạt 4.43/10. Cần tập trung cải thiện các yếu tố then chốt.,"Với điểm số 4.43 và vị trí dưới mức trung bình, Montenegro cần tập trung vào việc củng cố các chính sách hiện có và tăng cường đầu tư vào các dự án xanh. Chính phủ nên ưu tiên xây dựng các ưu đãi tài chính hấp dẫn hơn để khuyến khích các doanh nghiệp và người dân chuyển đổi sang các giải pháp bền vững."
PT,4.622118606519515,PT chỉ đạt 4.62/10. Cần tập trung cải thiện các yếu tố then chốt.,"Với Bồ Đào Nha (PT), mặc dù điểm số hiện tại là 4.62, thấp hơn mức trung bình, chúng ta vẫn có thể cải thiện đáng kể. Chính phủ nên tập trung vào việc tăng cường các chính sách hỗ trợ doanh nghiệp xanh và khuyến khích đầu tư vào năng lượng tái tạo, đồng thời tăng cường giáo dục cộng đồng về lợi ích của thị trường xanh để thúc đẩy sự tham gia rộng rãi hơn."
RS,4.433112221615972,RS chỉ đạt 4.43/10. Cần tập trung cải thiện các yếu tố then chốt.,"Kính gửi RS, dựa trên đánh giá hiện tại, chúng tôi nhận thấy RS có tiềm năng lớn trong việc phát triển thị trường xanh. Để thúc đẩy sự tiến bộ, chúng tôi đề xuất RS tập trung vào việc xây dựng các chính sách ưu đãi cho các doanh nghiệp xanh và tăng cường đầu tư vào cơ sở hạ tầng năng lượng tái tạo."
SE,6.913235574850775,SE chỉ đạt 6.91/10. Tạm ổn nhưng vẫn có thể cải thiện.,"Với điểm số 6.91 và vị trí dưới mức trung bình, Thụy Điển nên tập trung vào việc tăng cường đầu tư vào các công nghệ xanh tiên tiến và mở rộng các chương trình hỗ trợ tài chính cho các dự án năng lượng tái tạo. Đồng thời, cần đẩy mạnh hợp tác quốc tế để trao đổi kinh nghiệm và thu hút đầu tư vào lĩnh vực này, nhằm đưa Thụy Điển trở lại vị thế dẫn đầu trong phát triển bền vững."
SK,7.067386354911928,SK chỉ đạt 7.07/10. Tạm ổn nhưng vẫn có thể cải thiện.,"Kính gửi SK, dựa trên đánh giá hiện tại, chúng ta nhận thấy SK đang có những bước tiến đáng kể trong phát triển thị trường xanh, mặc dù vẫn còn một số dư địa để cải thiện. Để tăng cường hơn nữa, SK nên tập trung vào việc thúc đẩy các dự án năng lượng tái tạo và tăng cường các chính sách hỗ trợ các doanh nghiệp xanh, đồng thời đẩy mạnh hợp tác quốc tế để học hỏi kinh nghiệm và thu hút đầu tư."
US,7.181705889574806,US chỉ đạt 7.18/10. Tạm ổn nhưng vẫn có thể cải thiện.,"Kính gửi Hoa Kỳ, để nâng cao hiệu quả phát triển thị trường xanh, chúng tôi khuyến nghị tăng cường các chính sách khuyến khích đầu tư vào năng lượng tái tạo và công nghệ xanh. Đồng thời, cần đẩy mạnh hơn nữa các chương trình giáo dục và nâng cao nhận thức cộng đồng về lợi ích của phát triển bền vững."
